<!-- data/cron.xml -->
<odoo>
    <data noupdate="1">
        <record id="cron_send_monthly_email" model="ir.cron">
            <field name="name">Send Monthly Email</field>
            <field name="model_id" ref="model_hr_employee"/>
            <field name="state">code</field>
            <field name="code">model.action_send_mail()</field>
            <field name="interval_number">1</field>
            <field name="interval_type">months</field>
            <field name="numbercall">-1</field>
            <field name="doall" eval="False"/>
            <field name="active" eval="True"/>
            <field name="nextcall" eval="(datetime.now().replace(day=1).replace(month=(datetime.now().month % 12) + 1) - timedelta(days=1)).strftime('%Y-%m-%d %H:%M:%S')"/>
        </record>
    </data>
</odoo>
