<odoo>
   <data>
       <record id="hr_leave_send_template" model="mail.template">
           <field name="name">HR: Monthly Leave Update</field>
           <field name="model_id" ref="hr_leave_send_mail.model_hr_employee"/>
           <field name="subject">Monthly Leave Update</field>
           <field name="description">Monthly leave update for employees</field>
           <field name="body_html" type="html">
               <div>
                   <p>
                       Dear Sir/Madam,
                   </p>
                   <p>
                       We hope this email finds you well. Here is the leave update for this month for all the employees:
                   </p>
                </div>
           </field>
       </record>
   </data>
</odoo>
