<odoo>
        <record id="email_template_inventory_status_change" model="mail.template">
            <field name="name">Inventory Status Change</field>
            <field name="model_id" ref="your_module_name.model_appfarming_inventory"/>
            <field name="subject">Inventory Status Changed</field>
            <field name="email_from">${(user.email or '')|safe}</field>
            <field name="email_to">${object.creator_id.email|safe}</field>
            <field name="body_html" type="html">
                <![CDATA[
                <p>Dear ${object.creator_id.name},</p>
                <p>The status of the inventory record <b>${object.full_name}</b> has been changed to <b>${object.status}</b>.</p>
                <p>Thank you.</p>
                ]]>
            </field>
        </record>
</odoo>
