<odoo>
      <data>
        <!-- Define a new group -->
        <record id="group_employee_mediabuyer_manager" model="res.groups">
            <field name="name">HR Medibuyer Manager</field>
            <field name="category_id" ref="base.module_category_hidden"/>
        </record>
    </data>

    <data>
        <!-- Define a new group -->
        <record id="group_employee_appraisal_manager" model="res.groups">
            <field name="name">HR Appraisal Manager</field>
            <field name="category_id" ref="base.module_category_hidden"/>
        </record>
    </data>

</odoo>
