<?xml version="1.0" encoding="utf-8" ?>
<!-- Copyright 2022 Manuel Regidor <manuel.regidor@sygel.es>
     License AGPL-3.0 or later (https://www.gnu.org/licenses/agpl). -->
<odoo noupdate="1">    

    <record model="ir.rule" id="document_page_access_rule">
        <field name="name">Access for all </field>
        <field name="model_id" ref="model_document_page" />
        <field name="groups" eval="[(4, ref('document_page.group_document_manager'))]"/>
        <field
            name="domain_force"
        >[(1, '=', 1)]</field>
    </record>
    <record model="ir.rule" id="document_page_access_read_rule">
        <field name="name">Department Users</field>
        <field name="model_id" ref="model_document_page" />
        <field name="groups" eval="[(4, ref('document_knowledge.group_document_user'))]"/>
        <field
            name="domain_force"
        >['|', '|', ('department_id','=', False),('department_id', '=', user.department_id.id), ('department_id','child_of', user.department_id.id)]</field>
    </record>
</odoo>
