<odoo>
<record id="record_rule_document_folder_visibility" model="ir.rule">
    <field name="name">Document Folder Visibility Rule</field>
    <field name="model_id" ref="model_document_folder_url"/>
    <field name="domain_force">['|', ('employee_ids', 'in', [user.employee_id.id]), ('employee_ids', '=', False)]</field>
    <field name="groups" eval="[(4, ref('base.group_user'))]"/>
    <field name="perm_read" eval="True"/>
    <field name="perm_write" eval="False"/>
    <field name="perm_create" eval="False"/>
    <field name="perm_unlink" eval="False"/>
</record>
</odoo>