<?xml version="1.0" encoding="UTF-8" ?>
<odoo>
    <data>
        <record id="contract_expiry_mail_template" model="mail.template">
            <field name="name">Contract: Expiry Notification</field>
            <field name="model_id" ref="model_contract_contract"/>
            <field name="email_from">{{object.responsible_employee_id.work_email}}</field>
            <field name="email_to">{{object.client_email}}</field>
            <field name="subject">"{{object.name}}" Expiry</field>
            <field name="body_html" type="html">
                <div style="font-family: Arial, sans-serif; color: #333; line-height: 1.6; padding: 20px; border: 1px solid #ddd; border-radius: 10px;">
                    <h2 style="color: #714B67;">Dear <t t-out="object.client_id.name"/>,</h2>
                    <p>
                        We wanted to remind you that your contract "<strong><t t-out="object.name"/></strong>" will expire on 
                        <strong><t t-out="object.end_date"/></strong>.
                    </p>
                    <p>
                        Please review your contract and let us know if you would like to renew it. We are happy to assist you with any questions or concerns.<br/>
                        If you need to renew the contract, please contact us at your earliest convenience to avoid any interruptions.
                    </p>
                    <br/>
                    <p>Best Regards,<br/>
                        <strong><t t-out="object.responsible_employee_id.name"/></strong><br/>
                        <t t-out="object.responsible_employee_id.job_title"/>
                    </p>
                </div>
            </field>
        </record>
    </data>
</odoo>
