<odoo>
    <record id="group_project_custom_manager" model="res.groups">
        <field name="name">Project Custom Manager</field>
        <field name="implied_ids" eval="[(4, ref('project.group_project_user'))]"/>
        <field name="category_id" ref="base.module_category_services_project"/>
    </record>

    <record id="project.group_project_manager" model="res.groups">
        <field name="implied_ids" eval="[(4, ref('group_project_custom_manager')), (4, ref('mail.group_mail_template_editor'))]"/>
    </record>

    <record id="custom_project_manager_rule" model="ir.rule">
        <field name="name">Project: Custom Manager</field>
        <field name="model_id" ref="project.model_project_project"/>
        <field name="groups" eval="[(4, ref('group_project_custom_manager'))]"/>
        <field name="domain_force">[('user_id', '=', user.id), ('privacy_visibility', 'in', ['followers', 'employees', 'portal'])]</field>
        <field name="perm_read" eval="1"/>
        <field name="perm_write" eval="1"/>
        <field name="perm_create" eval="1"/>
        <field name="perm_unlink" eval="1"/>
    </record>


    <record model="ir.rule" id="custom_task_type_manager_rule">
        <field name="name">Project/Task Type: custom manager sees all</field>
        <field name="model_id" ref="project.model_project_task_type"/>
        <field name="domain_force">[(1, '=', 1)]</field>
        <field name="groups" eval="[(4, ref('group_project_custom_manager'))]"/>
        <field name="perm_read" eval="True"/>
        <field name="perm_write" eval="True"/>
        <field name="perm_create" eval="True"/>
        <field name="perm_unlink" eval="True"/>
    </record>
</odoo>





